year,GDP
1996,8.63746E+11
1997,9.61603E+11
1998,1.02904E+12
1999,1.094E+12
2000,1.21135E+12
2001,1.3394E+12
2002,1.47055E+12
2003,1.66029E+12
2004,1.95535E+12
2005,2.28597E+12
2006,2.75213E+12
2007,3.55218E+12
2008,4.59821E+12
2009,5.10995E+12
2010,6.10062E+12
2011,7.57255E+12
2012,8.56055E+12
2013,9.60722E+12
2014,1.04824E+13
2015,1.10647E+13